{
    "top_n": 5,
    "nprobe": 1,
    "query_vector": [0.36949, 0.95116, 0.22006, 0.35750, 0.10080, 0.13113, 0.76909, 0.15571, 0.78088, 0.33584, 0.07028, 0.56988, 0.95173, 0.35968, 0.88224, 0.29828, 0.05337, 0.55075, 0.95835, 0.65864, 0.47054, 0.15679, 0.01136, 0.79267, 0.40596, 0.00678, 0.57594, 0.13906, 0.50973, 0.70260, 0.26739, 0.58073, 0.83069, 0.98311, 0.98453, 0.21378, 0.79650, 0.92731, 0.92649, 0.81067, 0.25312, 0.55489, 0.71863, 0.35605, 0.70770, 0.00604, 0.15742, 0.75433, 0.89214, 0.52806, 0.34667, 0.43805, 0.74429, 0.44110, 0.15721, 0.39927, 0.92773, 0.24475, 0.92844, 0.51256, 0.11646, 0.50938, 0.36708, 0.51827, 0.86781, 0.54492, 0.10731, 0.12682, 0.59320, 0.92902, 0.75061, 0.86283, 0.94805, 0.95832, 0.26917, 0.51604, 0.84729, 0.56760, 0.04237, 0.59361, 0.07088, 0.90292, 0.75685, 0.75674, 0.49991, 0.67894, 0.94807, 0.74460, 0.73116, 0.69270, 0.69652, 0.54559, 0.80615, 0.24066, 0.18368, 0.26426, 0.74099, 0.99571, 0.15586, 0.43223, 0.19009, 0.14674, 0.59362, 0.76826, 0.94980, 0.64022, 0.22223, 0.26897, 0.35903, 0.69855, 0.85619, 0.39049, 0.32547, 0.66440, 0.76384, 0.74468, 0.78280, 0.97284, 0.14556, 0.77392, 0.36368, 0.37155, 0.75560, 0.47639, 0.48161, 0.45443, 0.83951, 0.62640, 0.50906, 0.83495, 0.81229, 0.75671, 0.38435, 0.53689, 0.33397, 0.74948, 0.79857, 0.60682, 0.46540, 0.18923, 0.97758, 0.63206, 0.40045, 0.07682, 0.09690, 0.53961, 0.86976, 0.07852, 0.44703, 0.85859, 0.77163, 0.21227, 0.39844, 0.13624, 0.25388, 0.04476, 0.90535, 0.34638, 0.63138, 0.88420, 0.90354, 0.13803, 0.34427, 0.19427, 0.92991, 0.35264, 0.45956, 0.71473, 0.63388, 0.43031, 0.61346, 0.30100, 0.61019, 0.64121, 0.21637, 0.57737, 0.64404, 0.52709, 0.53213, 0.84018, 0.70024, 0.34891, 0.51738, 0.00476, 0.47275, 0.53155, 0.69667, 0.79269, 0.42357, 0.08049, 0.92010, 0.41658, 0.19302, 0.89468, 0.39868, 0.15683, 0.07637, 0.70948, 0.74789, 0.53963, 0.23096, 0.66162, 0.33561, 0.11016, 0.82170, 0.98528, 0.06746, 0.96309, 0.62390, 0.08812, 0.07771, 0.06959, 0.70682, 0.73780, 0.13996, 0.75942, 0.49577, 0.38494, 0.83068, 0.99734, 0.94838, 0.57027, 0.26793, 0.91792, 0.13814, 0.58769, 0.82066, 0.80998, 0.29049, 0.19684, 0.78377, 0.21498, 0.88063, 0.60630, 0.06664, 0.06179, 0.01896, 0.59151, 0.94077, 0.75842, 0.19396, 0.13370, 0.77311, 0.41983, 0.41429, 0.44213, 0.67490, 0.68428, 0.30597, 0.04147, 0.13260, 0.11581, 0.08337, 0.53883, 0.44576, 0.82589, 0.16385, 0.95750, 0.28717, 0.23959, 0.47401, 0.18652, 0.17493, 0.56790, 0.22242, 0.45357, 0.03420, 0.37074, 0.82102, 0.78811, 0.27091, 0.89581, 0.98494, 0.61791, 0.33029, 0.93227, 0.40924, 0.65268, 0.19170, 0.09584, 0.26913, 0.08363, 0.55268, 0.62863, 0.41398, 0.53728, 0.22727, 0.86934, 0.12886, 0.72380, 0.50803, 0.94060, 0.33527, 0.15420, 0.93750, 0.45352, 0.81918, 0.60179, 0.46783, 0.39064, 0.21131, 0.33450, 0.19234, 0.62186, 0.77532, 0.03015, 0.20299, 0.35786, 0.90712, 0.67657, 0.63195, 0.25819, 0.29532, 0.31028, 0.28533, 0.14162, 0.54539, 0.67408, 0.76423, 0.17501, 0.13932, 0.12055, 0.28654, 0.48935, 0.17602, 0.51450, 0.13946, 0.61422, 0.05699, 0.21039, 0.10442, 0.12361, 0.82436, 0.18354, 0.70044, 0.73810, 0.01695, 0.16372, 0.57336, 0.53794, 0.92467, 0.57658, 0.37925, 0.53070, 0.20278, 0.35698, 0.82485, 0.24923, 0.09198, 0.83558, 0.71050, 0.45283, 0.74147, 0.64006, 0.60941, 0.95116, 0.20940, 0.71359, 0.51105, 0.42292, 0.87319, 0.93393, 0.88617, 0.20821, 0.91631, 0.50398, 0.43492, 0.94749, 0.84472, 0.75907, 0.14013, 0.75467, 0.11365, 0.52804, 0.32059, 0.91411, 0.60952, 0.26038, 0.89397, 0.98437, 0.17373, 0.34014, 0.11351, 0.85106, 0.95618, 0.67285, 0.33048, 0.05407, 0.77258, 0.66946, 0.64405, 0.50108, 0.26471, 0.44929, 0.70325, 0.17350, 0.47402, 0.69786, 0.49317, 0.92815, 0.28566, 0.90956, 0.45888, 0.40871, 0.05070, 0.70897, 0.69234, 0.93283, 0.21055, 0.63861, 0.87267, 0.46799, 0.41584, 0.26705, 0.31200, 0.62203, 0.26615, 0.02931, 0.53726, 0.13808, 0.25359, 0.27105, 0.41491, 0.75339, 0.67847, 0.82046, 0.54218, 0.57502, 0.27176, 0.03177, 0.15979, 0.17323, 0.46421, 0.78772, 0.39162, 0.54043, 0.13719, 0.40183, 0.07905, 0.01262, 0.40360, 0.01619, 0.27608, 0.28067, 0.34538, 0.31437, 0.40225, 0.49220, 0.40187, 0.91427, 0.88046, 0.60135, 0.07305, 0.18599, 0.95746, 0.88934, 0.83486, 0.33114, 0.87452, 0.34370, 0.06266, 0.05075, 0.87195, 0.59339, 0.95623, 0.22234, 0.82258, 0.47162, 0.32251, 0.64548, 0.21339, 0.46760, 0.30213, 0.77744, 0.62239, 0.98477, 0.20668, 0.67915, 0.91755, 0.17252, 0.83830, 0.39512, 0.33591, 0.96376, 0.86037, 0.54822, 0.89549, 0.74207, 0.54320, 0.60179, 0.94486, 0.63711, 0.32527, 0.56381, 0.96955, 0.66097, 0.88108, 0.53598, 0.02309, 0.68617, 0.29864, 0.58846, 0.22676, 0.51971, 0.13775, 0.51639, 0.81347, 0.60590, 0.49979, 0.10157, 0.74118, 0.95953]
}